,epoch,miou
0,250.0,0.5643887291089671
1,251.0,0.5645392527786997
2,252.0,0.5645457084703948
3,253.0,0.563176600061034
4,254.0,0.5630562911089725
5,255.0,0.5643565516114355
6,256.0,0.5653050278751627
7,257.0,0.566387403989871
8,258.0,0.5656167245619362
9,259.0,0.5644677410260791
